transaction_reference,amount,status
TX1001,22627,failed
TX1002,47360,success
TX1003,49530,success
TX1004,39115,success
TX1005,26021,failed
TX1006,22031,failed
TX1007,7094,failed
TX1008,39783,success
TX1009,13845,failed
TX1010,7744,failed
TX1011,43007,failed
TX1012,25467,success
TX1013,17200,failed
TX1014,17308,success
TX1015,8807,failed
TX1016,18867,success
TX1017,2009,success
TX1018,10713,success
TX1019,21351,failed
TX1020,19439,failed
TX1021,17771,success
TX1022,20943,success
TX1023,42619,success
TX1024,46991,failed
TX1025,37775,failed
TX1026,47076,success
TX1027,43646,success
TX1028,13085,success
TX1029,45590,success
TX1030,15684,success
TX1031,29815,success
TX1032,30343,failed
TX1033,39921,success
TX1034,2198,success
TX1035,3015,success
TX1036,36469,success
TX1037,13390,failed
TX1038,15201,failed
TX1039,32298,success
TX1040,19551,success
TX1041,24787,success
TX1042,45711,failed
TX1043,34479,failed
TX1044,39657,success
TX1045,22982,failed
TX1046,39108,failed
TX1047,29916,success
TX1048,35822,success
TX1049,1633,success
TX1050,45055,failed
TX1051,23863,success
TX1052,33326,success
TX1053,24740,failed
TX1054,2319,success
TX1055,30227,failed
TX1056,22720,failed
TX1057,34147,failed
TX1058,17718,failed
TX1059,35550,success
TX1060,19460,success
TX1061,2998,failed
TX1062,2901,failed
TX1063,14540,success
TX1064,41358,success
TX1065,12021,success
TX1066,49771,failed
TX1067,20295,failed
TX1068,25720,success
TX1069,29847,success
TX1070,41472,failed
TX1071,26093,success
TX1072,47369,failed
TX1073,29408,success
TX1074,23243,success
TX1075,23720,failed
TX1076,12918,success
TX1077,47532,failed
TX1078,45054,success
TX1079,15695,failed
TX1080,17678,failed
TX1081,12905,failed
TX1082,43874,failed
TX1083,46814,failed
TX1084,5967,success
TX1085,13269,success
TX1086,12680,failed
TX1087,21549,failed
TX1088,29510,failed
TX1089,193,failed
TX1090,6640,success
TX1091,16561,success
TX1092,24621,success
TX1093,16123,failed
TX1094,18998,success
TX1095,3965,success
TX1096,24819,failed
TX1097,47609,failed
TX1098,10523,failed
TX1099,26201,failed
TX1100,39395,failed
TX1101,1645,success
TX1102,20409,success
TX1103,11701,success
TX1104,15423,failed
TX1105,10485,success
TX1106,17905,success
TX1107,33219,success
TX1108,28361,success
TX1109,19805,success
TX1110,4025,failed
TX1111,38873,success
TX1112,3245,failed
TX1113,5134,failed
TX1114,42992,failed
TX1115,20498,failed
TX1116,25174,success
TX1117,9775,success
TX1118,15518,success
TX1119,10342,failed
TX1120,49443,failed
TX1121,41676,success
TX1122,39723,success
TX1123,42331,success
TX1124,21943,failed
TX1125,32619,failed
TX1126,9987,failed
TX1127,35704,failed
TX1128,2604,success
TX1129,24403,failed
TX1130,23318,failed
TX1131,48954,success
TX1132,14549,success
TX1133,7312,failed
TX1134,16954,failed
TX1135,41845,success
TX1136,18416,failed
TX1137,16859,failed
TX1138,16389,success
TX1139,43355,success
TX1140,31615,failed
TX1141,15687,failed
TX1142,46633,success
TX1143,37655,success
TX1144,1443,success
TX1145,13629,failed
TX1146,12615,success
TX1147,38617,success
TX1148,43337,success
TX1149,26989,success
TX1150,45190,success
TX1151,11963,failed
TX1152,6058,failed
TX1153,40026,success
TX1154,18607,success
TX1155,13837,success
TX1156,36671,failed
TX1157,387,success
TX1158,8222,success
TX1159,33813,success
TX1160,12103,failed
TX1161,6934,success
TX1162,4023,success
TX1163,42840,failed
TX1164,48990,failed
TX1165,7480,failed
TX1166,35655,success
TX1167,22647,failed
TX1168,13035,success
TX1169,24187,failed
TX1170,4259,failed
TX1171,46555,failed
TX1172,24776,success
TX1173,5063,failed
TX1174,25575,failed
TX1175,1239,success
TX1176,41566,success
TX1177,21198,success
TX1178,107,success
TX1179,38408,success
TX1180,24430,failed
TX1181,6134,failed
TX1182,127,success
TX1183,47630,success
TX1184,48690,failed
TX1185,29884,failed
TX1186,46434,failed
TX1187,17478,failed
TX1188,46596,success
TX1189,14916,failed
TX1190,38900,failed
TX1191,34694,failed
TX1192,8554,failed
TX1193,27539,failed
TX1194,30059,success
TX1195,1389,failed
TX1196,27915,success
TX1197,21119,failed
TX1198,3960,failed
TX1199,28716,failed
TX1200,38725,success
TX1201,1366,failed
TX1202,42651,failed
TX1203,44747,failed
TX1204,36492,failed
TX1205,33725,success
TX1206,27659,success
TX1207,15946,success
TX1208,21849,failed
TX1209,34233,success
TX1210,12522,success
TX1211,17693,failed
TX1212,15982,failed
TX1213,41823,failed
TX1214,8487,success
TX1215,32457,failed
TX1216,36357,failed
TX1217,10141,failed
TX1218,5722,success
TX1219,14679,failed
TX1220,26562,failed
TX1221,41784,success
TX1222,43954,success
TX1223,21152,success
TX1224,34986,success
TX1225,6282,failed
TX1226,1173,success
TX1227,31640,success
TX1228,32023,failed
TX1229,417,success
TX1230,26239,failed
TX1231,25046,failed
TX1232,8982,success
TX1233,16785,failed
TX1234,29994,success
TX1235,2421,failed
TX1236,31540,failed
TX1237,18271,success
TX1238,33368,failed
TX1239,5303,failed
TX1240,1031,failed
TX1241,37856,success
TX1242,20762,failed
TX1243,44263,success
TX1244,32932,failed
TX1245,45596,success
TX1246,4633,success
TX1247,3106,success
TX1248,36681,success
TX1249,3824,failed
TX1250,22988,failed
TX1251,23703,success
TX1252,36158,success
TX1253,45056,failed
TX1254,15537,success
TX1255,5686,success
TX1256,42284,failed
TX1257,47418,failed
TX1258,21219,failed
TX1259,17908,success
TX1260,24538,failed
TX1261,29059,success
TX1262,19751,success
TX1263,48778,failed
TX1264,38700,success
TX1265,28663,failed
TX1266,47525,failed
TX1267,24299,failed
TX1268,4413,failed
TX1269,16849,failed
TX1270,7628,success
TX1271,20928,failed
TX1272,35568,success
TX1273,36352,success
TX1274,31217,success
TX1275,37070,failed
TX1276,45893,failed
TX1277,49718,failed
TX1278,5444,success
TX1279,32628,success
TX1280,28419,success
TX1281,2190,success
TX1282,8470,success
TX1283,10469,success
TX1284,1579,failed
TX1285,49842,failed
TX1286,32920,success
TX1287,43408,success
TX1288,24396,failed
TX1289,36217,success
TX1290,4265,failed
TX1291,22315,success
TX1292,34590,failed
TX1293,20334,failed
TX1294,24706,failed
TX1295,5154,success
TX1296,45954,failed
TX1297,34685,success
TX1298,23063,success
TX1299,14632,success
TX1300,30199,success
